{"cameraMode":{"drawMode":0,"name":"Shaded","section":"Shading Mode"},"sceneLighting":false,"audioPlay":false,"sceneViewState":{"showFog":true,"showMaterialUpdate":false,"showSkybox":false,"showFlares":true,"showImageEffects":true,"showParticleSystems":true},"in2DMode":false,"pivot":{"x":-2.384185791015625e-7,"y":0.874468207359314,"z":-0.023204326629638673},"rotation":{"x":-0.00332731194794178,"y":0.9897729754447937,"z":-0.1408025175333023,"w":-0.023461123928427697},"size":1.186112642288208,"orthographic":false}