{"cameraMode":{"drawMode":0,"name":"Shaded","section":"Shading Mode"},"sceneLighting":false,"audioPlay":false,"sceneViewState":{"showFog":true,"showMaterialUpdate":false,"showSkybox":false,"showFlares":true,"showImageEffects":true,"showParticleSystems":true},"in2DMode":false,"pivot":{"x":-0.005581945180892944,"y":-0.0374753475189209,"z":-0.022591322660446168},"rotation":{"x":0.013595986180007458,"y":-0.9833704233169556,"z":0.08310596644878388,"w":0.16100835800170899},"size":0.4224150478839874,"orthographic":false}