{"cameraMode":{"drawMode":0,"name":"Shaded","section":"Shading Mode"},"sceneLighting":false,"audioPlay":false,"sceneViewState":{"showFog":true,"showMaterialUpdate":false,"showSkybox":false,"showFlares":true,"showImageEffects":true,"showParticleSystems":true},"in2DMode":false,"pivot":{"x":8.403684616088868,"y":0.9961452484130859,"z":-3.4874439239501955},"rotation":{"x":0.011388412676751614,"y":0.9829638600349426,"z":-0.1715766191482544,"w":0.06526902318000794},"size":2.3871846199035646,"orthographic":false}