{"cameraMode":{"drawMode":0,"name":"Shaded","section":"Shading Mode"},"sceneLighting":false,"audioPlay":false,"sceneViewState":{"showFog":true,"showMaterialUpdate":false,"showSkybox":false,"showFlares":true,"showImageEffects":true,"showParticleSystems":true},"in2DMode":false,"pivot":{"x":2.615000009536743,"y":0.3323378264904022,"z":-4.0970001220703129},"rotation":{"x":0.030828334391117097,"y":0.9459275007247925,"z":-0.0942310020327568,"w":0.30887266993522646},"size":10.0,"orthographic":false}